model,prompt_id,run,ttft_s,total_s,input_tokens,output_tokens,cost_usd,checks_passed,checks_total,error,output
Gemini 3.5 Flash-Lite,oil-change-civic,1,0.5486712999991141,0.6277476999966893,274,39,0.00017969999999999998,2,2,,"For a 2018 Honda Civic, which requires full-synthetic oil, the price is $89.99 before tax. Walk-ins are always welcome for oil changes!"
Gemini 3.1 Flash-Lite,oil-change-civic,1,0.8144563999958336,0.9867865999985952,274,59,0.000157,2,2,,"A full-synthetic oil change for a 2018 vehicle is $89.99. You are welcome to stop by as a walk-in, or you can call us at (555) 010-0199 to schedule an appointment."
Gemini 3.5 Flash-Lite,check-engine-light,1,0.9995720000006258,1.1803375000017695,275,62,0.0002375,2,2,,"Our check-engine-light diagnostic is $95.00, which is waived if we do the repair! Please call us at (555) 010-0199 to set up an appointment, since all services other than oil changes and tire rotations are by appointment."
Gemini 3.1 Flash-Lite,check-engine-light,1,0.5344683000002988,0.7145969999837689,275,60,0.00015875,2,2,,"A check-engine-light diagnostic is $95.00, which is waived if you choose to have us perform the repair. Please give us a call at (555) 010-0199 to schedule an appointment, as all diagnostic services require one."
Gemini 3.5 Flash-Lite,sunday-hours,1,0.7000577000144403,0.7919127999921329,264,35,0.00016669999999999999,1,1,,"No, we are closed on Sundays! Our regular hours are Monday through Friday from 8 am to 6 pm, and Saturdays from 9 am to 2 pm."
Gemini 3.1 Flash-Lite,sunday-hours,1,0.6715609999955632,0.7583432999963406,264,31,0.0001125,1,1,,We are closed on Sundays. We are open Monday through Friday from 8am to 6pm and Saturdays from 9am to 2pm.
Gemini 3.5 Flash-Lite,brake-pads-camry,1,0.6651966000208631,0.8355028000078164,274,59,0.0002297,2,2,,"Brake pad replacement is $189.00 per axle here at Northside Auto Repair. All services other than oil changes and tire rotations are by appointment, so please give us a call at (555) 010-0199 to schedule yours!"
Gemini 3.1 Flash-Lite,brake-pads-camry,1,0.5947500999900512,0.7536031999916304,274,46,0.0001375,2,2,,Brake pad replacement is $189.00 per axle at our shop. Please give us a call at (555) 010-0199 to schedule an appointment for this service.
Gemini 3.5 Flash-Lite,tire-rotation-walkin,1,0.6521106000000145,0.7142283000284806,268,45,0.00019289999999999997,1,1,,"Walk-ins are always welcome for tire rotations, so you don't need an appointment! We're open Monday through Friday from 8 am to 6 pm and Saturdays from 9 am to 2 pm."
Gemini 3.1 Flash-Lite,tire-rotation-walkin,1,0.508334999991348,0.6251661000133026,268,30,0.000112,1,1,,"You are welcome to walk in for a tire rotation, as no appointment is necessary for that service. We look forward to seeing you at the shop!"
Gemini 3.5 Flash-Lite,battery-today,1,6.726547700003721,6.920311299996683,279,61,0.0002362,2,2,,"We can certainly help you with a battery replacement! Our battery replacements start at $159.00 installed. Since services other than oil changes and tire rotations require an appointment, please give us a call at (555) 010-0199 to schedule yours."
Gemini 3.1 Flash-Lite,battery-today,1,0.554179099999601,0.7282537999853957,279,49,0.00014325,2,2,,"We do offer battery replacements starting at $159.00, installed. Since this service requires an appointment, please call us at (555) 010-0199 to check our availability for today."
Gemini 3.5 Flash-Lite,transmission-rebuild,1,6.323274000023957,6.509668700018665,283,45,0.00019739999999999997,3,3,,A technician would need to inspect your vehicle to provide an accurate estimate for that major repair. Please give us a call at (555) 010-0199 so we can get you scheduled!
Gemini 3.1 Flash-Lite,transmission-rebuild,1,0.5608199000125751,0.695142799988389,283,43,0.00013525,3,3,,A technician will need to inspect your vehicle to determine the necessary repairs. Please give us a call at (555) 010-0199 to discuss your needs and schedule an appointment.
Gemini 3.5 Flash-Lite,ac-warm-air,1,5.470649000024423,5.5977691000152845,277,48,0.0002031,2,2,,"An A/C recharge is $129.00 before tax. Since that service is by appointment, please give us a call at (555) 010-0199 to schedule a time!"
Gemini 3.1 Flash-Lite,ac-warm-air,1,0.5253736000158824,0.6921200999931898,277,55,0.00015175,2,2,,"An A/C recharge is $129.00. Since a technician needs to inspect your vehicle to determine the exact cause of the warm air, please call us at (555) 010-0199 to schedule an appointment."
Gemini 3.5 Flash-Lite,combo-budget,1,0.7705176000017673,0.959330100013176,292,64,0.0002476,1,1,,"Yes, we welcome walk-ins for both oil changes and tire rotations! For your 2019 Subaru Outback, a full-synthetic oil change is $89.99 and a tire rotation is $25.00, bringing your total to $114.99 before tax."
Gemini 3.1 Flash-Lite,combo-budget,1,0.6195447999925818,0.8078182000026572,292,85,0.0002005,1,1,,"For your 2019 Subaru Outback, a full-synthetic oil change is $89.99 and a tire rotation is $25.00, bringing your total to $114.99 before tax. You are welcome to walk in for these services during our business hours, Monday through Friday from 8am to 6pm or Saturday from 9am to 2pm."
Gemini 3.5 Flash-Lite,oil-change-civic,2,0.6232929000107106,0.7329076000023633,274,40,0.00018219999999999998,2,2,,"For a 2018 Honda Civic, we recommend our full-synthetic oil change, which is $89.99 before tax. Walk-ins are always welcome for oil changes!"
Gemini 3.1 Flash-Lite,oil-change-civic,2,0.4693437999812886,0.6485561000008602,274,59,0.000157,2,2,,"A full-synthetic oil change for a 2018 vehicle is $89.99. You are welcome to stop by as a walk-in, or you can call us at (555) 010-0199 to schedule an appointment."
Gemini 3.5 Flash-Lite,check-engine-light,2,0.828416800010018,0.959449299989501,275,62,0.0002375,2,2,,"Our check-engine-light diagnostic is $95.00, which is waived if we do the repair! Please call us at (555) 010-0199 to set up an appointment, since all services other than oil changes and tire rotations are by appointment."
Gemini 3.1 Flash-Lite,check-engine-light,2,0.615068799990695,0.7600364999962039,275,60,0.00015875,2,2,,"A check-engine-light diagnostic is $95.00, which is waived if you choose to have us perform the repair. Please give us a call at (555) 010-0199 to schedule an appointment, as all diagnostic services require one."
Gemini 3.5 Flash-Lite,sunday-hours,2,0.7282512999954633,0.8277716000156943,264,46,0.00019419999999999998,1,1,,"No, we are closed on Sundays! We are open Monday through Friday from 8:00 AM to 6:00 PM, and Saturdays from 9:00 AM to 2:00 PM."
Gemini 3.1 Flash-Lite,sunday-hours,2,0.6380398999899626,0.7220641000021715,264,31,0.0001125,1,1,,We are closed on Sundays. We are open Monday through Friday from 8am to 6pm and Saturdays from 9am to 2pm.
Gemini 3.5 Flash-Lite,brake-pads-camry,2,0.8352659000083804,0.982487500004936,274,59,0.0002297,2,2,,"Brake pad replacement is $189.00 per axle here at Northside Auto Repair. All services other than oil changes and tire rotations are by appointment, so please give us a call at (555) 010-0199 to schedule yours!"
Gemini 3.1 Flash-Lite,brake-pads-camry,2,0.7777751000248827,0.8975944000121672,274,46,0.0001375,2,2,,Brake pad replacement is $189.00 per axle at our shop. Please give us a call at (555) 010-0199 to schedule an appointment for this service.
Gemini 3.5 Flash-Lite,tire-rotation-walkin,2,0.8666788000264205,1.0179510000161827,268,42,0.00018539999999999998,1,1,,"No appointment is needed, as walk-ins are always welcome for tire rotations! We are open Monday through Friday from 8 am to 6 pm, and Saturdays from 9 am to 2 pm."
Gemini 3.1 Flash-Lite,tire-rotation-walkin,2,0.5707942000008188,0.6901991999766324,268,30,0.000112,1,1,,"You are welcome to walk in for a tire rotation, as no appointment is necessary for that service. We look forward to seeing you at the shop!"
Gemini 3.5 Flash-Lite,battery-today,2,0.7047323000151664,0.8331105000106618,279,59,0.00023119999999999998,2,2,,"Battery replacements start at $159.00 installed, and since battery service requires an appointment, we would need to check our schedule for today. Please give us a call at (555) 010-0199 so we can get you booked in!"
Gemini 3.1 Flash-Lite,battery-today,2,0.5068037000019103,0.6369359000236727,279,49,0.00014325,2,2,,"We do offer battery replacements starting at $159.00, installed. Since this service requires an appointment, please call us at (555) 010-0199 to check our availability for today."
Gemini 3.5 Flash-Lite,transmission-rebuild,2,0.6096810000017285,0.7555178999900818,283,51,0.00021239999999999999,3,3,,"We don't have the price for a transmission rebuild listed here, as a technician needs to inspect the vehicle first. Please call us at (555) 010-0199 and we'll be happy to help!"
Gemini 3.1 Flash-Lite,transmission-rebuild,2,0.5730992000026163,0.706785399990622,283,43,0.00013525,3,3,,A technician will need to inspect your vehicle to determine the necessary repairs. Please give us a call at (555) 010-0199 to discuss your needs and schedule an appointment.
Gemini 3.5 Flash-Lite,ac-warm-air,2,0.696796300006099,0.7879977000120562,277,48,0.0002031,2,2,,"An A/C recharge is $129.00 before tax. Since that service is by appointment, please give us a call at (555) 010-0199 to schedule a time!"
Gemini 3.1 Flash-Lite,ac-warm-air,2,0.7901893999951426,0.9561857999942731,277,55,0.00015175,2,2,,"An A/C recharge is $129.00. Since a technician needs to inspect your vehicle to determine the exact cause of the warm air, please call us at (555) 010-0199 to schedule an appointment."
Gemini 3.5 Flash-Lite,combo-budget,2,0.7999391999910586,1.077730299992254,292,89,0.0003101,1,1,,"We would be happy to help with your 2019 Subaru Outback! Since it's a 2015 or newer model, it requires a full-synthetic oil change for $89.99, plus a tire rotation for $25.00, bringing the total to $114.99 before tax. Walk-ins are always welcome for these services, so feel free to drop by!"
Gemini 3.1 Flash-Lite,combo-budget,2,0.6916872999863699,0.9093666000117082,292,85,0.0002005,1,1,,"For your 2019 Subaru Outback, a full-synthetic oil change is $89.99 and a tire rotation is $25.00, bringing your total to $114.99 before tax. You are welcome to walk in for these services during our business hours, Monday through Friday from 8am to 6pm or Saturday from 9am to 2pm."
Gemini 3.5 Flash-Lite,oil-change-civic,3,0.663854500016896,0.8793784000154119,274,69,0.0002547,2,2,,"For a 2018 Honda Civic, you'll need our full-synthetic oil change, which is $89.99 before tax. Walk-ins are welcome for oil changes, so feel free to stop by Monday through Friday from 8 am to 6 pm or Saturday from 9 am to 2 pm!"
Gemini 3.1 Flash-Lite,oil-change-civic,3,0.6000058999925386,0.7507058999908622,274,59,0.000157,2,2,,"A full-synthetic oil change for a 2018 vehicle is $89.99. You are welcome to stop by as a walk-in, or you can call us at (555) 010-0199 to schedule an appointment."
Gemini 3.5 Flash-Lite,check-engine-light,3,0.6890806999872439,0.7793722999922466,275,40,0.0001825,2,2,,"A check-engine-light diagnostic is $95.00, which is waived if we do the repair! Please note that all services other than oil changes and tire rotations are by appointment."
Gemini 3.1 Flash-Lite,check-engine-light,3,0.6848784000030719,0.8670239000057336,275,60,0.00015875,2,2,,"A check-engine-light diagnostic is $95.00, which is waived if you choose to have us perform the repair. Please give us a call at (555) 010-0199 to schedule an appointment, as all diagnostic services require one."
Gemini 3.5 Flash-Lite,sunday-hours,3,0.6359834999893792,0.8131701000093017,264,66,0.00024419999999999997,1,1,,"No, we are closed on Sundays, but we are open Monday through Friday from 8 am to 6 pm and Saturdays from 9 am to 2 pm. Feel free to give us a call at (555) 010-0199 if you'd like to schedule a visit!"
Gemini 3.1 Flash-Lite,sunday-hours,3,0.5507766999944579,0.6404248999897391,264,31,0.0001125,1,1,,We are closed on Sundays. We are open Monday through Friday from 8am to 6pm and Saturdays from 9am to 2pm.
Gemini 3.5 Flash-Lite,brake-pads-camry,3,0.6286412999907043,0.8098401000024751,274,59,0.0002297,2,2,,"Brake pad replacement is $189.00 per axle here at Northside Auto Repair. All services other than oil changes and tire rotations are by appointment, so please give us a call at (555) 010-0199 to schedule yours!"
Gemini 3.1 Flash-Lite,brake-pads-camry,3,0.5518533999857027,0.6830505999969319,274,46,0.0001375,2,2,,Brake pad replacement is $189.00 per axle at our shop. Please give us a call at (555) 010-0199 to schedule an appointment for this service.
Gemini 3.5 Flash-Lite,tire-rotation-walkin,3,0.6265016999968793,0.7493395000055898,268,36,0.00017039999999999997,1,1,,Walk-ins are always welcome for tire rotations! We'd be happy to get that taken care of for you. Feel free to stop by anytime during our normal business hours.
Gemini 3.1 Flash-Lite,tire-rotation-walkin,3,0.47894719999749213,0.5902575000072829,268,30,0.000112,1,1,,"You are welcome to walk in for a tire rotation, as no appointment is necessary for that service. We look forward to seeing you at the shop!"
Gemini 3.5 Flash-Lite,battery-today,3,0.6251271000073757,0.7634879999968689,279,46,0.00019869999999999998,2,2,,"Our battery replacements start at $159.00 installed. Since battery replacements are by appointment, please call us at (555) 010-0199 to check our availability for today!"
Gemini 3.1 Flash-Lite,battery-today,3,0.5502694000024348,0.6772717999992892,279,49,0.00014325,2,2,,"We do offer battery replacements starting at $159.00, installed. Since this service requires an appointment, please call us at (555) 010-0199 to check our availability for today."
Gemini 3.5 Flash-Lite,transmission-rebuild,3,0.6573208999761846,0.8185642999887932,283,43,0.0001924,3,3,,A technician needs to inspect your vehicle to give you an accurate estimate for that major repair. Please give us a call at (555) 010-0199 to schedule an appointment!
Gemini 3.1 Flash-Lite,transmission-rebuild,3,0.5032972999906633,0.6415442999859806,283,43,0.00013525,3,3,,A technician will need to inspect your vehicle to determine the necessary repairs. Please give us a call at (555) 010-0199 to discuss your needs and schedule an appointment.
Gemini 3.5 Flash-Lite,ac-warm-air,3,0.7405697999929544,0.8501486000022851,277,48,0.0002031,2,2,,"An A/C recharge is $129.00 before tax. Since that service is by appointment, please give us a call at (555) 010-0199 to schedule a time!"
Gemini 3.1 Flash-Lite,ac-warm-air,3,0.6529818999988493,0.8052986999973655,277,55,0.00015175,2,2,,"An A/C recharge is $129.00. Since a technician needs to inspect your vehicle to determine the exact cause of the warm air, please call us at (555) 010-0199 to schedule an appointment."
Gemini 3.5 Flash-Lite,combo-budget,3,0.690203299978748,1.001779499987606,292,109,0.0003601,1,1,,"Yes, we can definitely take care of both your tire rotation and an oil change! Since your Subaru is a 2019, it requires our full-synthetic oil change for $89.99, and the tire rotation is $25.00, bringing your total to $114.99 before tax. Walk-ins are always welcome for these services, so feel free to stop by Monday through Friday from 8 am to 6 pm, or Saturdays from 9 am to 2 pm!"
Gemini 3.1 Flash-Lite,combo-budget,3,0.3543980999966152,0.5764112000179011,292,85,0.0002005,1,1,,"For your 2019 Subaru Outback, a full-synthetic oil change is $89.99 and a tire rotation is $25.00, bringing your total to $114.99 before tax. You are welcome to walk in for these services during our business hours, Monday through Friday from 8am to 6pm or Saturday from 9am to 2pm."
